<?xml version="1.0" encoding="UTF-8"?>
<project-private xmlns="http://www.netbeans.org/ns/project-private/1">
    <editor-bookmarks xmlns="http://www.netbeans.org/ns/editor-bookmarks/2" lastBookmarkId="0"/>
    <open-files xmlns="http://www.netbeans.org/ns/projectui-open-files/2">
        <group>
            <file>file:/C:/Users/Damian/Documents/CCAC/fall_2017/CIT_130/week_6/bouch_week_6/src/bouch_week_6/FractionADT.java</file>
            <file>file:/C:/Users/Damian/Documents/CCAC/fall_2017/CIT_130/week_6/bouch_week_6/src/bouch_week_6/Bouch_week_6.java</file>
            <file>file:/C:/Users/Damian/Documents/CCAC/fall_2017/CIT_130/week_6/bouch_week_6/src/bouch_week_6/DenominatorIsZeroException.java</file>
        </group>
    </open-files>
</project-private>
