<?xml version="1.0" encoding="UTF-8"?>
<project-private xmlns="http://www.netbeans.org/ns/project-private/1">
    <editor-bookmarks xmlns="http://www.netbeans.org/ns/editor-bookmarks/2" lastBookmarkId="0"/>
    <open-files xmlns="http://www.netbeans.org/ns/projectui-open-files/2">
        <group>
            <file>file:/C:/Users/Damian/Documents/CCAC/fall_2017/CIT_130/week_4/Bouch_Week_5/src/bouch_week_5/Bouch_Week_5.java</file>
            <file>file:/C:/Users/Damian/Documents/CCAC/fall_2017/CIT_130/week_4/Bouch_Week_5/src/bouch_week_5/Rectangle.java</file>
            <file>file:/C:/Users/Damian/Documents/CCAC/fall_2017/CIT_130/week_4/Bouch_Week_5/src/bouch_week_5/Figure.java</file>
            <file>file:/C:/Users/Damian/Documents/CCAC/fall_2017/CIT_130/week_4/Bouch_Week_5/src/bouch_week_5/Circle.java</file>
        </group>
    </open-files>
</project-private>
